lat,lon
36.62283,-83.703693
36.1215905,-83.48990549999999
36.6328604,-83.7276942
36.576972,-83.66076009999999
36.2014248,-83.6161692
36.19708600000001,-83.348781
36.163397,-83.793424
36.8700703,-83.88928140000002
36.6185352,-83.7040776
36.50730220000001,-84.1418728
36.7268581,-84.1668834
36.6274309,-83.6215173
36.7360569,-83.7378927
36.43557819999999,-84.05820419999999
36.163397,-83.793424
36.4425827,-83.5996306
36.72271949999999,-84.1694397
36.8694752,-83.88118120000001
36.2809202,-83.5149023
36.2364808,-83.30906019999999
36.2475937,-83.2279463
36.1953784,-82.88348870000002
36.19708600000001,-83.348781
36.213212,-83.26190439999999
36.2258794,-83.26266110000002
36.2237952,-83.0461685
36.22027499999999,-83.260155
36.381203,-83.1798924
36.7339776,-83.0426681
36.2364808,-83.30906019999999
36.1388018,-83.277896
36.69777730000001,-82.7374115
36.62283,-83.703693
36.2075284,-83.3224415
36.2136776,-83.2551292
36.576972,-83.66076009999999
36.141091,-83.27964999999999
36.2106688,-83.2945654
36.22523899999999,-83.256316
36.3450422,-83.29356949999999
36.3357604,-82.4076382
36.3349686,-82.37622700000001
36.3055479,-82.3703025
36.50560029999999,-82.5505199
36.1953784,-82.88348870000002
36.507027,-82.5668622
36.5461766,-82.5113274
36.6289248,-82.1275972
36.50462,-82.4318313
36.3759972,-82.4290473
36.5518847,-82.5120682
36.5901374,-82.2539195
36.31321000000001,-82.3868973
36.18304699999999,-82.769127
36.47249819999999,-82.4905173
36.36016,-82.39628800000001
36.515694,-82.25696669999999
36.5908699,-82.25228179999999
36.349426,-82.37881399999999
36.34934210000001,-82.3822455
36.6289248,-82.1275972
36.3349686,-82.37622700000001
36.3357604,-82.4076382
36.3055479,-82.3703025
36.50560029999999,-82.5505199
36.507027,-82.5668622
36.5901374,-82.2539195
36.31321000000001,-82.3868973
36.5461766,-82.5113274
36.50462,-82.4318313
36.3759972,-82.4290473
36.5518847,-82.5120682
36.5908699,-82.25228179999999
36.515694,-82.25696669999999
36.3016849,-82.29511149999999
36.36016,-82.39628800000001
36.349426,-82.37881399999999
36.47249819999999,-82.4905173
36.34934210000001,-82.3822455
36.34354899999999,-82.371706
36.6289248,-82.1275972
36.1982871,-81.65578719999999
36.2043099,-81.6715327
36.19467839999999,-81.87799509999999
36.17440990000001,-81.6625573
36.77252,-81.82925
36.12476129999999,-81.67168939999999
36.2134842,-81.6841448
36.2071736,-81.6990445
36.14926639999999,-81.8597522
36.20369100000001,-81.673903
36.20456,-81.69412
36.2157888,-81.6676652
36.6212489,-81.4844845
36.217704,-81.662278
36.13483379999999,-81.6784071
36.133001,-81.674464
36.7154731,-81.9364683
36.2035823,-81.6712356
36.126627,-81.845725
36.9651343,-81.06996409999999
36.96441300000001,-81.063958
36.4084653,-80.99313339999999
36.7446983,-80.7785797
36.1516624,-81.1887876
36.27930200000001,-80.824107
36.140776,-81.178055
36.39925100000001,-81.0687662
36.6859587,-80.8851507
36.3933055,-80.7858266
36.9468875,-81.05450499999999
36.6212489,-81.4844845
36.74326060000001,-80.7762516
36.9489783,-81.05916959999999
36.94622870000001,-81.0548335
36.9664084,-81.0706672
36.4552872,-80.81857409999999
36.6625932,-80.9309779
36.2405696,-80.8164296
36.4760753,-81.4012671
36.4084653,-80.99313339999999
36.7446983,-80.7785797
36.27930200000001,-80.824107
36.4790692,-80.6203057
36.661775,-80.431933
36.5081752,-80.62614459999999
36.3965253,-80.26822279999999
36.2405696,-80.8164296
36.3933055,-80.7858266
36.6859587,-80.8851507
36.47961,-80.61516499999999
36.74326060000001,-80.7762516
36.39925100000001,-81.0687662
36.23787,-80.82123700000001
36.1808709,-80.8882328
36.182579,-80.77139199999999
36.74986,-80.4049299
36.3145591,-80.3755759
36.6582434,-80.5733853
36.4552872,-80.81857409999999
36.13006800000001,-80.261534
36.70514999999999,-79.91044
36.1879847,-80.2738323
36.0989978,-80.246743
36.661775,-80.431933
36.0993412,-80.24768139999999
36.3965253,-80.26822279999999
36.14995,-80.276252
36.4790692,-80.6203057
36.5081752,-80.62614459999999
36.634129,-79.851661
36.170076,-80.26088039999999
36.703383,-79.907607
36.47961,-80.61516499999999
36.7270815,-79.96281909999999
36.74986,-80.4049299
36.704553,-79.90903399999999
36.3145591,-80.3755759
36.487641,-79.737869
36.6412647,-79.8608546
36.70514999999999,-79.91044
36.5949343,-79.40464510000001
36.5959557,-79.40555429999999
36.634129,-79.851661
36.2089811,-79.8069525
36.703383,-79.907607
36.487641,-79.737869
36.494636,-79.73928699999999
36.5941933,-79.4102953
36.704553,-79.90903399999999
36.7270815,-79.96281909999999
36.6412647,-79.8608546
36.49347700000001,-79.741947
36.3531844,-79.6670785
36.196409,-79.787505
36.22852239999999,-79.7668868
36.2762186,-79.78280579999999
36.593727,-79.42307199999999
36.594159,-79.42163599999999
36.5937356,-79.421509
36.5949343,-79.40464510000001
36.5959557,-79.40555429999999
36.68791599999999,-78.89076899999999
36.698279,-78.944025
36.5941933,-79.4102953
36.379426,-78.983212
36.9519829,-79.3775963
36.4085336,-78.97486529999999
36.6872178,-78.8968637
36.36579330000001,-78.9783257
36.593727,-79.42307199999999
36.594159,-79.42163599999999
36.5937356,-79.421509
36.825694,-79.39808099999999
36.594175,-79.421724
36.9254182,-79.3303014
36.57982159999999,-79.3453749
36.596765,-79.43055799999999
36.596502,-79.40676490000001
36.6311464,-79.3953421
36.68791599999999,-78.89076899999999
36.347367,-78.389851
36.698279,-78.944025
36.379426,-78.983212
36.33280399999999,-78.446445
36.6109461,-78.29335660000001
36.324434,-78.48824599999999
36.6872178,-78.8968637
36.4085336,-78.97486529999999
36.2985085,-78.587182
36.6981267,-78.67681089999999
36.36579330000001,-78.9783257
36.43681249999999,-78.2224942
36.1421214,-78.718436
36.3307291,-78.4451019
36.496635,-78.1839
36.3412204,-78.3945928
36.326444,-78.452318
36.3163781,-78.555793
36.29386399999999,-78.579912
36.7092097,-78.1113822
36.712592,-78.1110334
36.347367,-78.389851
36.496635,-78.1839
36.5084798,-78.08388169999999
36.43681249999999,-78.2224942
36.6109461,-78.29335660000001
36.5315484,-77.9448103
36.7217863,-78.1185399
36.7134653,-78.1095636
36.33280399999999,-78.446445
36.7529245,-77.8633267
36.324434,-78.48824599999999
36.3412204,-78.3945928
36.3307291,-78.4451019
36.326444,-78.452318
36.444165,-78.21145899999999
36.2466302,-77.8888259
36.61560720000001,-78.49562379999999
36.33479,-78.443569
36.1401544,-77.59219580000001
36.706338,-77.5573914
36.7030701,-77.554276
36.3992142,-77.6403977
36.7031253,-77.54689139999999
36.7033678,-77.5527596
36.43301699999999,-77.631202
36.4283989,-77.6181741
36.7092097,-78.1113822
36.47122299999999,-77.611465
36.430167,-77.632494
36.7535636,-77.4834418
36.5315484,-77.9448103
36.7529245,-77.8633267
36.712592,-78.1110334
36.5084798,-78.08388169999999
36.461561,-77.654127
36.7045689,-77.5472212
36.461561,-77.654127
36.664453,-77.5522381
36.6826507,-76.9282942
36.706338,-77.5573914
36.7030701,-77.554276
36.7031253,-77.54689139999999
36.3992142,-77.6403977
36.7033678,-77.5527596
36.4283989,-77.6181741
36.43301699999999,-77.631202
36.304849,-77.023026
36.47122299999999,-77.611465
36.6882061,-77.015796
36.7535636,-77.4834418
36.4354563,-77.09697589999999
36.430167,-77.632494
36.333362,-77.02366889999999
36.677651,-76.922461
36.664453,-77.5522381
36.7045689,-77.5472212
36.4365833,-76.69930099999999
36.461561,-77.654127
36.738819,-76.58093
36.878451,-76.4386847
36.6826507,-76.9282942
36.892248,-76.432045
36.76701,-76.25079199999999
36.29884610000001,-76.2516553
36.7788583,-76.2419173
36.8376108,-76.29633799999999
36.781775,-76.236575
36.77902969999999,-76.2425828
36.78981400000001,-76.236359
36.8437588,-76.28962709999999
36.84558320000001,-76.2908752
36.84685500000001,-76.287246
36.85391140000001,-76.29170049999999
36.855056,-76.286199
36.790218,-76.233822
36.7714229,-76.5859144
36.8204701,-76.4248984
36.8050364,-76.3493464
36.76701,-76.25079199999999
36.7788583,-76.2419173
36.781775,-76.236575
36.29884610000001,-76.2516553
36.78981400000001,-76.236359
36.80353789999999,-76.1918056
36.834129,-76.13008099999999
36.8345677,-76.129444
36.8415766,-76.13614559999999
36.8435461,-76.1828494
36.843948,-76.1865139
36.8441109,-76.1808112
36.8447091,-76.17940399999999
36.8431098,-76.1322419
36.84737270000001,-76.1785757
36.8376108,-76.29633799999999
36.8437588,-76.28962709999999
36.84558320000001,-76.2908752
36.84685500000001,-76.287246
36.861889,-76.2145141
36.3645088,-75.8279292
36.834314,-75.97087400000001
36.8353144,-75.97099829999999
36.83921520000001,-75.9721004
36.842598,-75.9730624
36.8466659,-75.9744912
36.84789,-75.97456
36.841333,-75.97278299999999
36.8381866,-75.9719303
36.8530093,-75.9759116
36.8539766,-75.9761125
36.8447524,-75.9922407
36.856991,-75.97698299999999
36.8564888,-75.9793279
36.85895999999999,-75.97775899999999
36.86063019999999,-75.9780607
36.8623509,-75.97886869999999
36.86393229999999,-75.9791681
36.8657129,-75.9793712
36.854662,-75.97750099999999
37.1375896,-83.7804761
36.9539786,-83.9779843
36.9794835,-84.11361409999999
37.11189,-84.100145
36.9764606,-84.11291279999999
37.112274,-84.095449
36.9791116,-84.11193349999999
36.9165637,-84.1281206
37.1124581,-84.0992201
36.62283,-83.703693
36.8700703,-83.88928140000002
36.9752144,-84.10958459999999
37.151765,-84.1160616
36.91865200000001,-84.13319500000001
37.14909699999999,-84.11545799999999
36.96229100000001,-84.0760249
37.1437593,-84.1083842
36.96002,-84.07474599999999
37.1137348,-84.09372119999999
37.138747,-83.7708
36.9737029,-82.9873844
37.2825745,-83.2263268
37.1939839,-83.1810055
37.132034,-82.9728174
37.119205,-82.8851566
37.10716519999999,-82.860581
37.12032320000001,-82.85156010000001
37.2930187,-83.2156737
36.7339776,-83.0426681
37.3503704,-83.3404572
37.3323206,-82.9476627
37.3867603,-83.24323079999999
37.3359167,-82.8735944
37.08260059999999,-82.69293569999999
37.165671,-83.379155
37.28142709999999,-83.23022139999999
37.116338,-82.795165
36.82390999999999,-83.320257
37.2841269,-83.21061
37.336931,-82.981498
36.9737029,-82.9873844
36.9378932,-82.61028449999999
36.69777730000001,-82.7374115
37.08260059999999,-82.69293569999999
37.12032320000001,-82.85156010000001
37.10716519999999,-82.860581
37.119205,-82.8851566
37.3359167,-82.8735944
37.132034,-82.9728174
36.8506595,-82.3137539
37.3323206,-82.9476627
36.97273360000001,-82.5976422
36.9314796,-82.6346294
36.966183,-82.60015
36.8026041,-82.2873633
37.15010669999999,-82.4559845
36.8406099,-82.2376361
36.94396989999999,-82.4640636
37.116338,-82.795165
37.4651812,-82.5270022
37.3023325,-82.117634
36.6289248,-82.1275972
37.06284439999999,-81.74111649999999
36.8883048,-82.11007459999999
36.77252,-81.82925
36.8406099,-82.2376361
36.8506595,-82.3137539
36.8298308,-82.07901969999999
37.15122329999999,-81.8987326
36.8026041,-82.2873633
37.0937465,-81.7979659
36.9378932,-82.61028449999999
37.1556692,-81.76955760000001
36.7154731,-81.9364683
36.70983349999999,-81.9773482
37.27788899999999,-82.09902199999999
36.97273360000001,-82.5976422
37.28629040000001,-82.2935306
37.15010669999999,-82.4559845
37.093169,-81.79372699999999
37.06284439999999,-81.74111649999999
37.3023325,-82.117634
36.77252,-81.82925
36.8883048,-82.11007459999999
36.8803842,-81.5349581
37.0937465,-81.7979659
37.1556692,-81.76955760000001
37.15122329999999,-81.8987326
36.81420800000001,-81.6400039
36.7154731,-81.9364683
36.8298308,-82.07901969999999
37.24453800000001,-81.24627699999999
37.093169,-81.79372699999999
36.70983349999999,-81.9773482
37.2409847,-81.2439417
37.22900299999999,-81.325452
36.8456703,-81.49317959999999
37.2605206,-81.2809297
37.0170552,-81.978459
37.27788899999999,-82.09902199999999
36.9651343,-81.06996409999999
36.96441300000001,-81.063958
37.36098210000001,-81.0532236
36.9468875,-81.05450499999999
36.9664084,-81.0706672
37.3634385,-81.0568924
36.966533,-81.07139099999999
37.365238,-81.03993
36.9489783,-81.05916959999999
36.94622870000001,-81.0548335
37.3594631,-81.05663
37.0752794,-80.6914214
36.9425846,-80.9458909
37.24453800000001,-81.24627699999999
37.255951,-81.1817614
36.9476069,-80.924528
36.7446983,-80.7785797
37.3390064,-81.1664838
36.949679,-81.05682399999999
37.0659538,-80.7839605
37.1657,-80.4169
37.2248931,-80.4421895
37.1992009,-80.4012643
37.1363258,-80.3522193
36.96441300000001,-81.063958
36.9651343,-81.06996409999999
37.1406819,-80.5528351
37.137522,-80.349672
37.22838429999999,-80.42341669999999
36.9468875,-81.05450499999999
36.7446983,-80.7785797
36.9664084,-81.0706672
37.2249702,-80.4145422
37.18478,-80.408031
36.966533,-81.07139099999999
36.9489783,-81.05916959999999
37.1622633,-80.42221909999999
37.1374724,-80.35326630000002
36.94622870000001,-81.0548335
37.0752794,-80.6914214
37.1363258,-80.3522193
37.1657,-80.4169
37.1992009,-80.4012643
37.2248931,-80.4421895
37.2744952,-79.9394276
37.3082252,-79.97925579999999
37.3095045,-79.9776569
37.2817395,-79.9405444
37.1406819,-80.5528351
37.2546393,-79.9508987
37.137522,-80.349672
37.225256,-79.984045
37.2955908,-80.09716619999999
37.309219,-79.97091499999999
37.3188661,-80.0315284
37.22838429999999,-80.42341669999999
37.3546257,-79.9567873
37.3564954,-79.9565033
37.327687,-79.993794
37.36004219999999,-79.95958490000001
37.2744952,-79.9394276
37.2817395,-79.9405444
37.3082252,-79.97925579999999
37.3095045,-79.9776569
37.2546393,-79.9508987
36.9519829,-79.3775963
37.225256,-79.984045
37.448364,-79.604359
37.309219,-79.97091499999999
36.70514999999999,-79.91044
37.3546257,-79.9567873
37.3564954,-79.9565033
37.27097000000001,-79.94142699999999
37.327687,-79.993794
37.3188661,-80.0315284
37.36004219999999,-79.95958490000001
37.2631839,-80.03162379999999
37.304065,-79.964044
37.310444,-79.97959399999999
37.279968,-79.93685909999999
37.3689615,-79.17355230000001
37.3703641,-79.17907029999999
37.344847,-79.187186
37.416722,-79.144604
36.9519829,-79.3775963
37.33510400000001,-79.19110599999999
37.367915,-79.18036
37.3606493,-79.1727942
37.4114087,-79.1374787
37.3529323,-79.17692819999999
37.3058602,-79.27067389999999
37.3779816,-79.2241643
37.393526,-79.15887099999999
37.349251,-79.188975
37.363757,-79.170773
37.3552875,-79.2243642
37.3537301,-79.1856967
37.160421,-79.2241889
36.9254182,-79.3303014
36.9890337,-79.4830834
37.29717979999999,-78.3961973
37.2999693,-78.3930712
37.2403758,-78.46102979999999
37.2409835,-78.6002781
36.68791599999999,-78.89076899999999
37.3720892,-78.8347361
37.3775201,-78.7960069
37.3232074,-78.38944049999999
37.277959,-78.398417
36.698279,-78.944025
36.6981267,-78.67681089999999
36.6872178,-78.8968637
37.3050762,-78.3916453
37.176174,-78.27304099999999
37.35119019999999,-78.8280254
37.1129266,-79.00710839999999
37.3025074,-78.4039519
37.3041481,-78.39091239999999
37.27280349999999,-78.4034873
37.34477440000001,-78.8256996
37.29717979999999,-78.3961973
37.2999693,-78.3930712
36.7092097,-78.1113822
36.712592,-78.1110334
37.2403758,-78.46102979999999
37.0762613,-78.0011148
36.9318152,-77.9386112
37.3232074,-78.38944049999999
36.7217863,-78.1185399
36.7134653,-78.1095636
37.277959,-78.398417
36.7529245,-77.8633267
37.2409835,-78.6002781
37.176174,-78.27304099999999
37.3050762,-78.3916453
37.24903939999999,-77.7258294
37.1816808,-78.1759321
37.3041481,-78.39091239999999
37.3025074,-78.4039519
37.27280349999999,-78.4034873
37.3558008,-77.4081788
37.352295,-77.39816499999999
37.353673,-77.399452
37.14297579999999,-77.35858929999999
37.146413,-77.35748
37.253667,-77.393176
36.706338,-77.5573914
37.2490999,-77.3911351
36.7030701,-77.554276
37.242346,-77.38689
37.4207207,-77.6380848
37.1472205,-77.35766149999999
37.347815,-77.344391
37.353281,-77.398122
37.3558848,-77.4086772
37.2627467,-77.32578889999999
37.2697391,-77.31641809999999
36.7031253,-77.54689139999999
37.2289073,-77.39259799999999
36.7033678,-77.5527596
37.352295,-77.39816499999999
37.353673,-77.399452
37.3558008,-77.4081788
37.2655918,-76.7963834
37.26305,-76.769179
37.303477,-76.780541
37.14297579999999,-77.35858929999999
37.304949,-76.74783
36.6826507,-76.9282942
37.347815,-77.344391
37.146413,-77.35748
37.2861412,-76.722169
37.29455540000001,-76.7275593
37.253667,-77.393176
37.2490999,-77.3911351
37.3307456,-77.1862589
37.283598,-76.70786799999999
37.242346,-77.38689
37.1472205,-77.35766149999999
37.2697391,-77.31641809999999
37.0871535,-76.4716993
37.249354,-76.662497
37.0347125,-76.3965678
37.2639964,-76.6788617
37.0576998,-76.3929777
37.2683217,-76.6371423
37.0389409,-76.3874081
37.0371486,-76.3840524
37.26305,-76.769179
37.283585,-76.688728
37.283598,-76.70786799999999
37.2655918,-76.7963834
36.892248,-76.432045
37.2861412,-76.722169
36.878451,-76.4386847
37.29455540000001,-76.7275593
37.0245393,-76.3421433
37.304949,-76.74783
37.303477,-76.780541
36.9304599,-76.318679
37.0245393,-76.3421433
36.91295249999999,-76.0681616
36.9304599,-76.318679
37.0371486,-76.3840524
37.0389409,-76.3874081
37.0576998,-76.3929777
37.0347125,-76.3965678
36.861889,-76.2145141
36.88517139999999,-76.3020265
36.84737270000001,-76.1785757
36.8447091,-76.17940399999999
36.8441109,-76.1808112
36.843948,-76.1865139
36.8435461,-76.1828494
36.8431098,-76.1322419
36.8415766,-76.13614559999999
36.855056,-76.286199
36.85391140000001,-76.29170049999999
36.8345677,-76.129444
36.834129,-76.13008099999999
36.8830809,-75.9849285
36.8657129,-75.9793712
36.86393229999999,-75.9791681
36.8623509,-75.97886869999999
36.86063019999999,-75.9780607
36.85895999999999,-75.97775899999999
36.856991,-75.97698299999999
36.8539766,-75.9761125
36.8530093,-75.9759116
36.8564888,-75.9793279
36.84789,-75.97456
36.8466659,-75.9744912
36.842598,-75.9730624
36.83921520000001,-75.9721004
36.8353144,-75.97099829999999
36.834314,-75.97087400000001
36.8447524,-75.9922407
36.91295249999999,-76.0681616
36.841333,-75.97278299999999
36.8381866,-75.9719303
37.7769198,-83.68837479999999
37.1375896,-83.7804761
37.767759,-83.608837
37.6270288,-83.8685321
37.7200838,-83.7715831
37.590362,-83.95464679999999
37.8292513,-83.5637986
37.7248041,-83.9960358
37.3503704,-83.3404572
37.795087,-83.4140714
37.6300826,-84.1079841
37.3867603,-83.24323079999999
37.7789698,-84.0510367
37.5552439,-83.3842349
37.5996387,-83.45713049999999
37.2825745,-83.2263268
37.1537007,-83.7618641
37.82314099999999,-83.662329
37.138747,-83.7708
37.5659835,-83.36963829999999
37.58676519999999,-82.71571329999999
37.2825745,-83.2263268
37.767759,-83.608837
37.6568335,-82.795335
37.3359167,-82.8735944
37.3867603,-83.24323079999999
37.3503704,-83.3404572
37.4989876,-82.84099499999999
37.3323206,-82.9476627
37.795087,-83.4140714
37.2930187,-83.2156737
37.656764,-82.76599279999999
37.1939839,-83.1810055
37.6592912,-82.7873475
37.28142709999999,-83.23022139999999
37.5174339,-82.80868199999999
37.5552439,-83.3842349
37.6554629,-82.7809876
37.69292859999999,-82.72530189999999
37.6552967,-82.78379079999999
37.58676519999999,-82.71571329999999
37.4651812,-82.5270022
37.6568335,-82.795335
37.7789915,-82.71635409999999
37.3359167,-82.8735944
37.656764,-82.76599279999999
37.4989876,-82.84099499999999
37.3323206,-82.9476627
37.472456,-82.523213
37.66926840000001,-82.26902919999999
37.6592912,-82.7873475
37.69292859999999,-82.72530189999999
37.8156337,-82.80479419999999
37.4791788,-82.5209983
37.5174339,-82.80868199999999
37.6554629,-82.7809876
37.61732679999999,-82.1676342
37.6552967,-82.78379079999999
37.47755670000001,-82.52094369999999
37.4726075,-82.52617640000001
37.3023325,-82.117634
37.58676519999999,-82.71571329999999
37.4651812,-82.5270022
37.8524229,-81.9945925
37.61732679999999,-82.1676342
37.66926840000001,-82.26902919999999
37.472456,-82.523213
37.27788899999999,-82.09902199999999
37.8449904,-82.0145203
37.85788960000001,-82.0453082
37.848715,-81.99345799999999
37.28629040000001,-82.2935306
37.4791788,-82.5209983
37.611953,-81.8668946
37.47755670000001,-82.52094369999999
37.7297343,-81.87038799999999
37.7305451,-81.87135769999999
37.4726075,-82.52617640000001
37.6546555,-82.2705684
37.47183899999999,-82.528396
37.3023325,-82.117634
37.797413,-81.22086
37.5739451,-81.41751049999999
37.7976977,-81.22243379999999
37.4090044,-81.35371289999999
37.6917792,-81.6254464
37.8524229,-81.9945925
37.79504299999999,-81.2191486
37.1556692,-81.76955760000001
37.792774,-81.21282599999999
37.61732679999999,-82.1676342
37.82872329999999,-81.3278823
37.79237199999999,-81.21213399999999
37.6074025,-81.53969579999999
37.611953,-81.8668946
37.59574529999999,-81.11996889999999
37.31031979999999,-81.2586962
37.7297343,-81.87038799999999
37.7305451,-81.87135769999999
37.848715,-81.99345799999999
37.76571299999999,-80.9209612
37.5540082,-80.96231019999999
37.797413,-81.22086
37.36098210000001,-81.0532236
37.86967929999999,-81.0458005
37.7976977,-81.22243379999999
37.3634385,-81.0568924
37.718756,-81.0730008
37.79504299999999,-81.2191486
37.365238,-81.03993
37.792774,-81.21282599999999
37.79237199999999,-81.21213399999999
37.59574529999999,-81.11996889999999
37.3594631,-81.05663
37.81273059999999,-81.1873193
37.42475750000001,-81.00604899999999
37.5612337,-80.6264612
37.80142379999999,-81.2172916
37.24453800000001,-81.24627699999999
37.5898393,-81.113984
37.2248931,-80.4421895
37.76571299999999,-80.9209612
37.1992009,-80.4012643
37.5540082,-80.96231019999999
37.1657,-80.4169
37.5612337,-80.6264612
37.1406819,-80.5528351
37.36098210000001,-81.0532236
37.3634385,-81.0568924
37.814774,-80.426574
37.81424459999999,-80.4271988
37.22838429999999,-80.42341669999999
37.809932,-80.431251
37.718756,-81.0730008
37.365238,-81.03993
37.2249702,-80.4145422
37.355474,-80.53634199999999
37.59574529999999,-81.11996889999999
37.42475750000001,-81.00604899999999
37.786699,-80.304993
37.3095045,-79.9776569
37.3082252,-79.97925579999999
37.2744952,-79.9394276
37.2817395,-79.9405444
37.2248931,-80.4421895
37.1992009,-80.4012643
37.2546393,-79.9508987
37.1657,-80.4169
37.1363258,-80.3522193
37.2955908,-80.09716619999999
37.3546257,-79.9567873
37.309219,-79.97091499999999
37.3564954,-79.9565033
37.3188661,-80.0315284
37.36004219999999,-79.95958490000001
37.5612337,-80.6264612
37.225256,-79.984045
37.327687,-79.993794
37.3571979,-79.95808699999999
37.814774,-80.426574
37.3095045,-79.9776569
37.3082252,-79.97925579999999
37.2744952,-79.9394276
37.2817395,-79.9405444
37.448364,-79.604359
37.2546393,-79.9508987
37.3703641,-79.17907029999999
37.3689615,-79.17355230000001
37.3546257,-79.9567873
37.3564954,-79.9565033
37.309219,-79.97091499999999
37.36004219999999,-79.95958490000001
37.344847,-79.187186
37.3188661,-80.0315284
37.327687,-79.993794
37.804377,-79.41579399999999
37.3571979,-79.95808699999999
37.416722,-79.144604
37.8385493,-79.3697431
37.225256,-79.984045
37.3703641,-79.17907029999999
37.3689615,-79.17355230000001
37.344847,-79.187186
37.416722,-79.144604
37.5576478,-79.08286439999999
37.448364,-79.604359
37.367915,-79.18036
37.33510400000001,-79.19110599999999
37.8385493,-79.3697431
37.804377,-79.41579399999999
37.4114087,-79.1374787
37.3606493,-79.1727942
37.3529323,-79.17692819999999
37.3058602,-79.27067389999999
37.4000629,-79.6244073
37.393526,-79.15887099999999
37.3779816,-79.2241643
37.84014519999999,-79.373134
37.7415843,-79.345959
37.349251,-79.188975
37.416722,-79.144604
37.5576478,-79.08286439999999
37.3689615,-79.17355230000001
37.3703641,-79.17907029999999
37.29717979999999,-78.3961973
37.2999693,-78.3930712
37.4114087,-79.1374787
37.52692399999999,-78.2757391
37.6274556,-78.80776139999999
37.367915,-79.18036
37.3720892,-78.8347361
37.54136099999999,-78.5109551
37.7502046,-78.8797519
37.4837611,-78.3291638
37.93906419999999,-78.49868049999999
37.3775201,-78.7960069
37.2403758,-78.46102979999999
37.2409835,-78.6002781
37.3232074,-78.38944049999999
37.85298529999999,-78.5341531
37.29717979999999,-78.3961973
37.2999693,-78.3930712
37.6602606,-77.63114240000002
37.6593094,-77.6282039
37.52692399999999,-78.2757391
37.7615314,-78.25889169999999
37.5221537,-77.80267889999999
37.4837611,-78.3291638
37.4207207,-77.6380848
37.7118106,-78.30194709999999
37.716795,-78.2971513
37.5417272,-77.9192229
37.764589,-78.0530541
37.3232074,-78.38944049999999
37.54136099999999,-78.5109551
37.46684279999999,-77.6600552
37.4666453,-77.66041030000001
37.2403758,-78.46102979999999
37.277959,-78.398417
37.4688791,-77.65477659999999
37.5037282,-77.57915160000002
37.6593094,-77.6282039
37.6602606,-77.63114240000002
37.6400473,-77.573145
37.63854569999999,-77.5701926
37.64784,-77.580978
37.645034,-77.576054
37.6488687,-77.57830589999999
37.6089288,-77.5210314
37.6042731,-77.5178316
37.59765699999999,-77.512042
37.6108839,-77.5160216
37.6259553,-77.5273764
37.576623,-77.46188
37.5407026,-77.4434395
37.5433979,-77.4423791
37.54225900000001,-77.437398
37.5431724,-77.4366356
37.5384468,-77.4357363
37.5359174,-77.4342192
37.518465,-77.3397744
37.5110507,-77.33922419999999
37.5359174,-77.4342192
37.5384468,-77.4357363
37.5431724,-77.4366356
37.54225900000001,-77.437398
37.5433979,-77.4423791
37.5407026,-77.4434395
37.6097698,-77.4460141
37.576623,-77.46188
37.664788,-77.4447754
37.6643295,-77.45949320000001
37.66778,-77.458023
37.353673,-77.399452
37.352295,-77.39816499999999
37.6722579,-77.45794219999999
37.3558008,-77.4081788
37.59765699999999,-77.512042
37.6042731,-77.5178316
37.6108839,-77.5160216
37.304949,-76.74783
37.29455540000001,-76.7275593
37.303477,-76.780541
37.2861412,-76.722169
37.283585,-76.688728
37.283598,-76.70786799999999
37.2683217,-76.6371423
37.2639964,-76.6788617
37.26305,-76.769179
37.2655918,-76.7963834
37.249354,-76.662497
37.2434584,-76.6595657
37.285115,-76.709255
37.28716,-76.70721689999999
37.282706,-76.71454899999999
37.2889029,-76.720118
37.23925799999999,-76.639748
37.29315849999999,-76.7263068
37.2594945,-76.673654
37.2836458,-76.7203633
37.5289174,-75.8321363
37.39375800000001,-76.52532699999999
37.52255640000001,-75.8303246
37.7270831,-76.38504999999999
37.3405499,-76.475724
37.5051322,-76.396906
37.8435551,-76.27526209999999
37.664322,-76.4326634
37.41282809999999,-76.5025742
37.400277,-76.52862499999999
37.4141393,-76.5262673
37.6376402,-76.5743976
37.1984897,-76.49516559999999
37.69113919999999,-76.39973619999999
37.1703207,-75.98098990000001
37.4134288,-76.518768
37.3423172,-76.27517929999999
37.8420743,-76.2757771
37.1376035,-75.9671867
37.21911349999999,-76.47995730000001
37.5289174,-75.8321363
37.52255640000001,-75.8303246
37.9367022,-75.4698836
37.9292893,-75.8754987
37.712035,-75.749346
37.701624,-75.7142355
37.6950637,-75.71850239999999
37.4538086,-75.9318469
37.1703207,-75.98098990000001
37.3535305,-75.94930339999999
37.649299,-75.74131799999999
37.5248727,-75.83430589999999
37.6887187,-75.7207983
37.520585,-75.814633
37.94576249999999,-75.5409019
37.34448260000001,-75.9485239
37.2897879,-76.01209089999999
37.5287192,-75.84784979999999
37.8848749,-75.55587249999999
37.67893919999999,-75.72570089999999
37.7769198,-83.68837479999999
37.767759,-83.608837
38.20138920000001,-83.48171219999999
38.191576,-83.475712
38.0106377,-84.1708475
38.0794552,-83.9520397
38.1888804,-83.4311778
38.08010960000001,-83.9514353
37.98563790000001,-83.6185227
38.18147039999999,-83.4485179
37.8292513,-83.5637986
38.0192458,-84.07075859999999
37.795087,-83.4140714
37.7200838,-83.7715831
38.1862336,-83.4344758
38.17236479999999,-83.4374529
38.00339899999999,-84.201341
37.7789698,-84.0510367
38.177582,-83.555427
38.0762474,-83.9477282
38.20138920000001,-83.48171219999999
38.191576,-83.475712
38.1888804,-83.4311778
38.06194440000001,-82.9611111
38.18147039999999,-83.4485179
37.795087,-83.4140714
37.98563790000001,-83.6185227
38.1862336,-83.4344758
38.3470005,-82.9351155
37.767759,-83.608837
37.8292513,-83.5637986
38.17236479999999,-83.4374529
38.3730406,-83.12736919999999
38.177582,-83.555427
37.8156337,-82.80479419999999
38.3410097,-82.9473853
38.34629899999999,-82.942938
38.20983580000001,-83.48180169999999
37.7789915,-82.71635409999999
38.1865495,-83.43566679999999
38.394582,-82.415988
38.3880754,-82.605041
38.3971969,-82.71122559999999
38.3799739,-82.7158723
38.38449609999999,-82.7151756
38.3961618,-82.4120252
38.3969201,-82.41372659999999
38.4222219,-82.4452337
37.7789915,-82.71635409999999
38.42666,-82.69784
38.4235332,-82.4263138
38.06194440000001,-82.9611111
38.12223199999999,-82.62921899999999
38.3683533,-82.5578085
37.6568335,-82.795335
38.3470005,-82.9351155
38.3694149,-82.55580800000001
38.414507,-82.475313
37.656764,-82.76599279999999
37.8156337,-82.80479419999999
38.414934,-82.257463
38.394582,-82.415988
38.4141783,-82.3426458
38.3961618,-82.4120252
38.3969201,-82.41372659999999
38.4168337,-82.2580984
37.8524229,-81.9945925
38.4151423,-82.261521
37.975798,-82.01739169999999
38.1339785,-81.9811228
38.4235332,-82.4263138
38.4222219,-82.4452337
38.0837119,-81.8045669
38.4223468,-82.26642210000001
37.8449904,-82.0145203
38.12223199999999,-82.62921899999999
37.848715,-81.99345799999999
37.66926840000001,-82.26902919999999
37.85788960000001,-82.0453082
38.44099790000001,-82.02306879999999
38.3164972,-81.7183292
38.3495521,-81.6299903
38.3498957,-81.6301723
38.3541502,-81.63546889999999
38.35375579999999,-81.60574900000002
38.355531,-81.637367
38.3551939,-81.64262149999999
38.35691600000001,-81.644148
38.36491540000001,-81.7623433
38.3655875,-81.68981959999999
38.3042774,-81.56457
38.3059064,-81.56567079999999
38.366324,-81.685474
38.330538,-81.712446
38.3595421,-81.7345194
38.3048217,-81.5624678
38.307893,-81.564768
38.40741,-81.7955383
38.30641000000001,-81.56530099999999
37.8524229,-81.9945925
37.76571299999999,-80.9209612
37.86967929999999,-81.0458005
37.797413,-81.22086
37.7976977,-81.22243379999999
37.79504299999999,-81.2191486
37.718756,-81.0730008
37.792774,-81.21282599999999
38.1214139,-81.1178022
37.79237199999999,-81.21213399999999
38.0507649,-81.11640120000001
37.81273059999999,-81.1873193
38.3042774,-81.56457
38.3059064,-81.56567079999999
37.80142379999999,-81.2172916
38.3048217,-81.5624678
37.94761020000001,-81.3087178
37.791014,-81.220591
38.2986124,-80.8354545
37.82872329999999,-81.3278823
37.9931248,-80.98295279999999
37.76571299999999,-80.9209612
37.86967929999999,-81.0458005
37.814774,-80.426574
37.81424459999999,-80.4271988
37.809932,-80.431251
38.1214139,-81.1178022
38.0507649,-81.11640120000001
37.786699,-80.304993
38.2986124,-80.8354545
38.3043449,-80.8351553
37.8986258,-80.6307381
37.83255189999999,-80.5047829
37.9931248,-80.98295279999999
37.8021405,-80.45163289999999
38.301973,-80.83019399999999
37.6973442,-80.52479579999999
37.80178789999999,-80.44563029999999
38.0500503,-81.12071879999999
37.80178789999999,-80.44563029999999
37.7663697,-80.4747946
38.4107965,-79.9936029
37.814774,-80.426574
37.81424459999999,-80.4271988
37.9969744,-79.83041519999999
37.809932,-80.431251
37.786699,-80.304993
38.0535555,-79.7807411
37.8989224,-79.80765199999999
38.3965097,-79.91698149999999
37.8021405,-80.45163289999999
37.83255189999999,-80.5047829
37.8131662,-79.93565819999999
37.80207179999999,-79.8600517
38.2690628,-79.89264949999999
37.80178789999999,-80.44563029999999
37.80178789999999,-80.44563029999999
37.7728865,-80.3603086
37.8986258,-80.6307381
37.7859465,-80.3081668
37.7859465,-80.3081668
37.8385493,-79.3697431
37.804377,-79.41579399999999
38.4107965,-79.9936029
37.9969744,-79.83041519999999
37.84014519999999,-79.373134
38.0535555,-79.7807411
37.7881216,-79.4441495
37.7881301,-79.4441027
37.8989224,-79.80765199999999
38.3965097,-79.91698149999999
37.79945,-79.415927
38.4329869,-79.83985659999999
38.19461450000001,-79.4061622
37.80207179999999,-79.8600517
37.9279277,-79.31981929999999
38.165128,-79.3139259
38.16540579999999,-79.3139259
37.8131662,-79.93565819999999
38.2690628,-79.89264949999999
37.7415843,-79.345959
38.07596470000001,-79.0848781
38.148731,-79.070624
38.06302299999999,-78.941355
38.12763,-79.0317511
38.406175,-78.911109
38.085145,-78.986539
38.1687462,-79.0100159
37.8385493,-79.3697431
38.0624326,-78.93473
37.804377,-79.41579399999999
38.06199629999999,-78.9333115
37.914883,-78.943848
38.0698799,-78.8926716
37.84014519999999,-79.373134
38.40489349999999,-78.9100843
38.405656,-78.9071709
38.09452399999999,-78.987043
38.4051689,-78.9073825
38.1492574,-79.07065109999999
38.15387,-79.069256
38.0404184,-78.50674389999999
38.052744,-78.50333499999999
38.0089758,-78.50615859999999
38.03323819999999,-78.4969851
38.03225500000001,-78.494361
38.0728035,-78.4810848
38.07440709999999,-78.47788609999999
38.1010558,-78.46373489999999
38.0245908,-78.43831689999999
38.06302299999999,-78.941355
38.07596470000001,-79.0848781
38.148731,-79.070624
38.019568,-78.42718099999999
38.406175,-78.911109
38.12763,-79.0317511
38.4272126,-78.8530818
38.4311642,-78.8480761
38.4378016,-78.8438632
38.029436,-78.483058
38.29275579999999,-78.6795836
38.0245908,-78.43831689999999
38.1010558,-78.46373489999999
38.07440709999999,-78.47788609999999
38.0728035,-78.4810848
38.03225500000001,-78.494361
38.03323819999999,-78.4969851
38.052744,-78.50333499999999
38.0404184,-78.50674389999999
38.0089758,-78.50615859999999
38.019568,-78.42718099999999
38.081209,-78.143277
38.029436,-78.483058
38.0712642,-78.4851367
38.04594719999999,-78.50673689999999
38.05842599999999,-78.496685
38.011254,-78.505455
38.0058789,-78.4522345
38.0768733,-78.4749075
37.93906419999999,-78.49868049999999
38.0086043,-78.4531994
38.2435289,-77.5001094
38.24367549999999,-77.49661239999999
38.2980245,-77.51055629999999
38.2970897,-77.4962421
38.300456,-77.457881
38.28742750000001,-77.5100768
37.7578133,-77.4611848
37.6602606,-77.63114240000002
37.6593094,-77.6282039
37.6488687,-77.57830589999999
37.64784,-77.580978
37.6510317,-77.58708580000001
37.645034,-77.576054
37.6722579,-77.45794219999999
37.64978079999999,-77.5841846
37.6400473,-77.573145
37.66778,-77.458023
37.63854569999999,-77.5701926
37.6643295,-77.45949320000001
38.081209,-78.143277
38.24367549999999,-77.49661239999999
38.2435289,-77.5001094
38.300456,-77.457881
38.2970897,-77.4962421
38.2980245,-77.51055629999999
38.28742750000001,-77.5100768
37.7578133,-77.4611848
37.6722579,-77.45794219999999
37.664788,-77.4447754
37.66778,-77.458023
37.6643295,-77.45949320000001
37.7110473,-77.4492922
38.2417282,-77.497794
37.8501497,-77.44653199999999
38.3143906,-77.50681569999999
38.3455185,-77.5001872
38.24269599999999,-77.493738
37.7579047,-77.4696446
38.31340040000001,-77.5051309
38.34416100000001,-77.499043
38.2931999,-76.4991397
38.302101,-76.521464
38.2872,-76.4759955
38.19092550000001,-76.42903129999999
38.3369731,-76.4636368
38.3088744,-76.53382959999999
38.297097,-76.513798
38.299374,-76.513776
38.27271249999999,-76.4642108
38.1519269,-76.839449
38.267822,-76.458078
38.2685943,-76.4554398
38.29212880000001,-76.4970235
38.170334,-76.863559
37.9113207,-76.8606075
38.0779094,-76.7819063
38.15040399999999,-76.42383989999999
38.0609713,-76.3374474
38.324126,-76.47372709999999
38.40074300000001,-76.831695
38.2931999,-76.4991397
38.19092550000001,-76.42903129999999
38.2872,-76.4759955
38.302101,-76.521464
38.3369731,-76.4636368
38.27271249999999,-76.4642108
38.267822,-76.458078
38.297097,-76.513798
38.3088744,-76.53382959999999
38.2685943,-76.4554398
38.299374,-76.513776
37.8435551,-76.27526209999999
38.15040399999999,-76.42383989999999
38.0609713,-76.3374474
37.9292893,-75.8754987
38.29212880000001,-76.4970235
37.7270831,-76.38504999999999
38.324126,-76.47372709999999
38.332963,-76.462403
38.2439786,-75.7690581
38.4101673,-75.5650653
38.4192101,-75.56314580000002
38.345073,-75.60469680000001
38.326591,-75.614796
38.0607973,-75.2362382
38.3689622,-75.5415574
37.93455799999999,-75.36595899999999
38.3679378,-75.54477279999999
38.40174,-75.5717298
37.936369,-75.373772
38.4401438,-75.5632528
37.9367022,-75.4698836
38.0303283,-75.5406021
38.3442366,-75.60549209999999
37.92986670000001,-75.3836177
38.4078514,-75.5670155
38.398857,-75.566277
38.4126862,-75.5666229
38.3442366,-75.60549209999999
37.937118,-75.3695189
38.79525280000001,-83.7955382
38.6361854,-83.76047659999999
38.58546279999999,-83.3262913
38.20138920000001,-83.48171219999999
38.63691550000001,-83.7863824
38.191576,-83.475712
38.74673879999999,-83.84659119999999
38.5972984,-83.3471295
38.604795,-84.1193751
38.4405247,-83.67166019999999
38.79451700000001,-83.545193
38.1888804,-83.4311778
38.18147039999999,-83.4485179
38.4344404,-83.9915098
38.8617745,-83.9089932
38.1862336,-83.4344758
38.177582,-83.555427
38.864868,-83.474841
38.6296112,-83.79400129999999
38.637955,-83.785883
38.58546279999999,-83.3262913
38.5956344,-82.8554465
38.3971969,-82.71122559999999
38.3799739,-82.7158723
38.38449609999999,-82.7151756
38.20138920000001,-83.48171219999999
38.5972984,-83.3471295
38.42666,-82.69784
38.72702069999999,-83.0193415
38.3470005,-82.9351155
38.731371,-82.9920733
38.191576,-83.475712
38.7410613,-82.96627629999999
38.3730406,-83.12736919999999
38.79581,-82.985287
38.727243,-82.85900699999999
38.1888804,-83.4311778
38.486635,-82.653787
38.71417450000001,-83.1162138
38.882367,-82.96681939999999
38.394582,-82.415988
38.4141783,-82.3426458
38.414934,-82.257463
38.5956344,-82.8554465
38.3880754,-82.605041
38.3971969,-82.71122559999999
38.3961618,-82.4120252
38.3799739,-82.7158723
38.4222219,-82.4452337
38.3969201,-82.41372659999999
38.4235332,-82.4263138
38.38449609999999,-82.7151756
38.4168337,-82.2580984
38.4151423,-82.261521
38.42666,-82.69784
38.414507,-82.475313
38.4339395,-82.3896484
38.4223468,-82.26642210000001
38.43188130000001,-82.40078679999999
38.4092489,-82.4263708
38.414934,-82.257463
38.394582,-82.415988
38.4141783,-82.3426458
38.83336180000001,-82.1574954
38.3164972,-81.7183292
38.3961618,-82.4120252
38.454434,-81.938155
38.3969201,-82.41372659999999
38.4222219,-82.4452337
38.3880754,-82.605041
38.36491540000001,-81.7623433
38.4235332,-82.4263138
38.4168337,-82.2580984
38.4151423,-82.261521
38.40741,-81.7955383
38.8810145,-82.3778468
38.3655875,-81.68981959999999
38.4223468,-82.26642210000001
38.44099790000001,-82.02306879999999
38.3595421,-81.7345194
38.3541502,-81.63546889999999
38.3498957,-81.6301723
38.3495521,-81.6299903
38.35375579999999,-81.60574900000002
38.3164972,-81.7183292
38.355531,-81.637367
38.3551939,-81.64262149999999
38.36491540000001,-81.7623433
38.35691600000001,-81.644148
38.454434,-81.938155
38.3655875,-81.68981959999999
38.818152,-81.722732
38.3042774,-81.56457
38.366324,-81.685474
38.3059064,-81.56567079999999
38.40741,-81.7955383
38.3595421,-81.7345194
38.330538,-81.712446
38.3048217,-81.5624678
38.307893,-81.564768
38.35375579999999,-81.60574900000002
38.3498957,-81.6301723
38.3495521,-81.6299903
38.3541502,-81.63546889999999
38.355531,-81.637367
38.3551939,-81.64262149999999
38.3042774,-81.56457
38.35691600000001,-81.644148
38.3059064,-81.56567079999999
38.3048217,-81.5624678
38.307893,-81.564768
38.3043449,-80.8351553
38.2986124,-80.8354545
38.3715794,-81.59268790000002
38.3158246,-81.5614542
38.80620129999999,-81.0612223
38.30641000000001,-81.56530099999999
38.65953409999999,-80.7433873
38.1214139,-81.1178022
38.3655875,-81.68981959999999
38.2986124,-80.8354545
38.3043449,-80.8351553
38.65953409999999,-80.7433873
38.94950710000001,-80.49269989999999
38.8634275,-80.7512108
38.301973,-80.83019399999999
38.3044863,-80.8354614
38.6990747,-80.6657543
38.80620129999999,-81.0612223
38.3093431,-80.8354415
38.292546,-80.829295
38.934257,-80.837603
38.9348779,-80.83322199999999
38.665325,-80.3545088
38.6976998,-80.6573494
38.3104618,-80.8352321
38.7029105,-80.6666958
38.22395679999999,-80.5291001
38.2981588,-80.83548259999999
38.29594580000001,-80.5239749
38.4107965,-79.9936029
38.8850467,-80.3019006
38.4329869,-79.83985659999999
38.3965097,-79.91698149999999
38.3966887,-79.9161525
38.624694,-79.84169899999999
38.2690628,-79.89264949999999
38.8942966,-79.8394473
38.41060969999999,-79.99572909999999
38.41661939999999,-80.07617259999999
38.4105103,-79.9950057
38.4101891,-79.9912591
38.43143380000001,-79.8191828
38.8354304,-79.87654859999999
38.6945161,-79.9797358
38.79564039999999,-79.7194657
38.6990747,-80.6657543
38.9064749,-79.8618833
38.4167835,-80.0369048
38.665325,-80.3545088
38.4107965,-79.9936029
38.4329869,-79.83985659999999
38.3965097,-79.91698149999999
38.8942966,-79.8394473
38.92684199999999,-79.85148629999999
38.624694,-79.84169899999999
38.3966887,-79.9161525
38.79564039999999,-79.7194657
38.2690628,-79.89264949999999
38.9113728,-79.8452236
38.41060969999999,-79.99572909999999
38.9064749,-79.8618833
38.673357,-79.4931464
38.92946169999999,-79.85405659999999
38.40713050000001,-79.5788687
38.19461450000001,-79.4061622
38.4105103,-79.9950057
38.41661939999999,-80.07617259999999
38.4125635,-79.5805885
38.8354304,-79.87654859999999
38.406175,-78.911109
38.4272126,-78.8530818
38.4311642,-78.8480761
38.4378016,-78.8438632
38.148731,-79.070624
38.435092,-78.8697548
38.4339959,-78.85214479999999
38.4313993,-78.84702639999999
38.405656,-78.9071709
38.40489349999999,-78.9100843
38.4051689,-78.9073825
38.429321,-78.87389929999999
38.4482388,-78.8596066
38.4275482,-78.8518528
38.12763,-79.0317511
38.42771310000001,-78.8428203
38.1687462,-79.0100159
38.4057832,-78.91029879999999
38.435904,-78.847259
38.4726203,-78.87739719999999
38.4378016,-78.8438632
38.4311642,-78.8480761
38.4272126,-78.8530818
38.529627,-78.441045
38.406175,-78.911109
38.593013,-78.380246
38.85316809999999,-78.5247325
38.435092,-78.8697548
38.4339959,-78.85214479999999
38.29275579999999,-78.6795836
38.67703729999999,-78.4221779
38.4313993,-78.84702639999999
38.405656,-78.9071709
38.40489349999999,-78.9100843
38.429321,-78.87389929999999
38.4051689,-78.9073825
38.4482388,-78.8596066
38.4275482,-78.8518528
38.868494,-78.52837699999999
38.66596029999999,-78.46675599999999
38.529627,-78.441045
38.593013,-78.380246
38.7138077,-78.15954789999999
38.7221431,-77.78231
38.67703729999999,-78.4221779
38.85316809999999,-78.5247325
38.71860150000001,-77.8085339
38.66596029999999,-78.46675599999999
38.916872,-78.186031
38.9605927,-78.1947746
38.35214,-78.310267
38.6640991,-78.483783
38.66753020000001,-78.44181309999999
38.8223141,-78.0535912
38.29741,-78.43897
38.8995679,-78.216117
38.4768029,-77.94620160000001
38.868494,-78.52837699999999
38.6524596,-78.676071
38.76245079999999,-78.631085
38.5494749,-77.340698
38.2980245,-77.51055629999999
38.5831678,-77.3268354
38.2970897,-77.4962421
38.7964598,-77.5161037
38.8037743,-77.51960430000001
38.8060909,-77.5192821
38.300456,-77.457881
38.6349318,-77.29744339999999
38.6508015,-77.2879224
38.654802,-77.285127
38.28742750000001,-77.5100768
38.2435289,-77.5001094
38.24367549999999,-77.49661239999999
38.6668565,-77.2509742
38.870788,-77.44699399999999
38.87510080000001,-77.4561317
38.6284525,-77.4385968
38.8574651,-77.3864006
38.8984408,-77.4450592
38.896708,-77.022485
38.8955621,-77.02496099999999
38.5831678,-77.3268354
38.5494749,-77.340698
38.6349318,-77.29744339999999
38.6668565,-77.2509742
38.6508015,-77.2879224
38.654802,-77.285127
38.717653,-77.130085
38.71926300000001,-77.12620020000001
38.777219,-77.183037
38.77729799999999,-77.1778487
38.7801473,-77.1825391
38.780644,-77.176557
38.782531,-77.18169800000001
38.7858566,-77.07124
38.785393,-77.06941499999999
38.785816,-77.06845299999999
38.787951,-77.06568899999999
38.791332,-77.05776999999999
38.6901094,-76.533056
38.74853,-76.878063
38.8137805,-76.89560089999999
38.821976,-76.91573799999999
38.803124,-76.97993
38.782132,-77.0149519
38.780992,-77.017174
38.783411,-77.014408
38.7828987,-77.01653329999999
38.78406669999999,-77.0173762
38.791332,-77.05776999999999
38.80440300000001,-77.044259
38.787951,-77.06568899999999
38.785816,-77.06845299999999
38.785393,-77.06941499999999
38.8046162,-77.0490323
38.81395909999999,-77.0397967
38.7858566,-77.07124
38.71926300000001,-77.12620020000001
38.8130885,-77.0434767
38.56179599999999,-76.048369
38.7746479,-76.0743293
38.6901094,-76.533056
38.8460757,-76.0809285
38.7424902,-76.069655
38.7705034,-76.0610835
38.76889570000001,-76.2070583
38.5325479,-76.5847299
38.78503599999999,-76.2197485
38.53509409999999,-76.5836896
38.2931999,-76.4991397
38.692165,-76.17542499999999
38.55632000000001,-76.05786789999999
38.3369731,-76.4636368
38.302101,-76.521464
38.2872,-76.4759955
38.69269999999999,-76.17414699999999
38.552755,-76.03571699999999
38.3088744,-76.53382959999999
38.7873424,-76.2202516
38.4192101,-75.56314580000002
38.4101673,-75.5650653
38.56179599999999,-76.048369
38.7746479,-76.0743293
38.89594649999999,-75.5085342
38.345073,-75.60469680000001
38.326591,-75.614796
38.3689622,-75.5415574
38.4401438,-75.5632528
38.56094839999999,-75.53714599999999
38.40174,-75.5717298
38.3679378,-75.54477279999999
38.922491,-75.56621
38.7424902,-76.069655
38.663115,-75.5927643
38.7705034,-76.0610835
38.8460757,-76.0809285
38.55632000000001,-76.05786789999999
38.9125833,-75.57429259999999
38.552755,-76.03571699999999
38.79525280000001,-83.7955382
38.6361854,-83.76047659999999
39.0800948,-84.144621
38.74673879999999,-83.84659119999999
39.4535918,-83.7982997
39.418323,-83.648484
39.0075645,-84.13799
38.63691550000001,-83.7863824
39.34895050000001,-83.9446524
39.0769612,-84.087938
39.1840747,-83.4939392
38.8617745,-83.9089932
39.4520015,-83.7978886
38.79451700000001,-83.545193
39.2986063,-83.9694389
39.1931299,-83.80995349999999
38.864868,-83.474841
39.204321,-83.6267785
39.0045991,-84.1406078
39.2897865,-83.99824040000001
39.351585,-82.9806904
39.3389531,-82.9505386
38.72702069999999,-83.0193415
39.33882459999999,-82.95346219999999
38.731371,-82.9920733
39.3778413,-82.9729576
38.7410613,-82.96627629999999
39.3350906,-82.9752135
38.79581,-82.985287
38.882367,-82.96681939999999
39.1840747,-83.4939392
38.92717460000001,-83.06352460000001
39.35370150000001,-82.974513
38.864868,-83.474841
39.0317619,-82.62179669999999
38.79451700000001,-83.545193
38.7397954,-83.20358689999999
38.8792,-83.0839
39.2244987,-83.2676767
38.71417450000001,-83.1162138
38.8810145,-82.3778468
39.0317619,-82.62179669999999
39.351585,-82.9806904
39.4265525,-82.53573279999999
39.0292399,-82.5973853
39.0478524,-82.37651819999999
39.286344,-82.58880719999999
39.1714621,-82.336541
39.3389531,-82.9505386
39.05201690000001,-82.6365536
39.33882459999999,-82.95346219999999
39.03899689999999,-82.6424201
38.882367,-82.96681939999999
39.33984,-82.44563300000002
38.7410613,-82.96627629999999
38.731371,-82.9920733
39.3350906,-82.9752135
38.79581,-82.985287
38.727243,-82.85900699999999
38.92717460000001,-83.06352460000001
39.3294967,-82.0911701
38.83336180000001,-82.1574954
39.33637400000001,-82.079074
39.3592042,-82.1080277
39.33507180000001,-82.05582369999999
38.8810145,-82.3778468
39.324358,-82.10138889999999
38.818152,-81.722732
38.8346981,-82.1476857
39.0317619,-82.62179669999999
39.0134116,-82.0415301
39.0478524,-82.37651819999999
39.1714621,-82.336541
39.35507260000001,-82.0920886
39.0292399,-82.5973853
39.3292396,-82.1012554
39.3169904,-82.1065094
39.3151204,-82.1079694
38.83175019999999,-81.7934657
38.809803,-82.20236899999999
39.264936,-81.561615
39.40899209999999,-81.42781719999999
39.3135008,-81.5500106
38.818152,-81.722732
39.26593769999999,-81.50546369999999
39.3294967,-82.0911701
39.1916981,-81.5297207
38.83336180000001,-82.1574954
39.4107308,-81.45245059999999
39.313125,-81.4846558
39.33637400000001,-82.079074
39.187625,-81.528753
39.4145456,-81.4491067
39.33507180000001,-82.05582369999999
38.9214713,-81.644294
38.9661932,-81.4212319
38.83175019999999,-81.7934657
39.272265,-81.646442
39.299249,-81.55239999999999
39.0134116,-82.0415301
39.264936,-81.561615
39.40899209999999,-81.42781719999999
39.26593769999999,-81.50546369999999
39.3135008,-81.5500106
39.1916981,-81.5297207
39.222228,-81.1110198
39.313125,-81.4846558
39.187625,-81.528753
39.4107308,-81.45245059999999
38.9661932,-81.4212319
38.80620129999999,-81.0612223
39.4145456,-81.4491067
39.3878531,-81.2140022
39.21675500000001,-81.50572799999999
39.1932664,-81.531086
38.8634275,-80.7512108
38.9214713,-81.644294
39.407708,-81.422366
39.235652,-81.59857
39.29950100000001,-81.400364
39.07426049999999,-80.42425659999999
38.8850467,-80.3019006
39.30341329999999,-80.2760626
38.94950710000001,-80.49269989999999
39.02268049999999,-80.41860070000001
39.28208600000001,-80.277243
38.990005,-80.2196586
39.002022,-80.264051
39.2615244,-80.2863362
39.3093053,-80.2740426
38.9981824,-80.2356028
39.03854899999999,-80.471694
39.1100921,-80.4945369
38.8634275,-80.7512108
39.222228,-81.1110198
39.31842149999999,-80.4381475
39.38952880000001,-80.6342653
39.2796543,-80.27479269999999
38.65953409999999,-80.7433873
39.3316702,-80.2372122
39.30341329999999,-80.2760626
38.8850467,-80.3019006
39.07426049999999,-80.42425659999999
39.3316702,-80.2372122
39.28208600000001,-80.277243
38.94950710000001,-80.49269989999999
39.02268049999999,-80.41860070000001
38.8942966,-79.8394473
39.3093053,-80.2740426
38.990005,-80.2196586
39.2615244,-80.2863362
39.002022,-80.264051
38.92684199999999,-79.85148629999999
38.9981824,-80.2356028
39.2796543,-80.27479269999999
38.92946169999999,-79.85405659999999
38.9113728,-79.8452236
39.0687098,-80.1034142
39.09016529999999,-80.0865347
39.03854899999999,-80.471694
39.1076563,-79.4951078
39.04245299999999,-79.39903
38.8942966,-79.8394473
38.92684199999999,-79.85148629999999
39.0241812,-79.46521779999999
39.0491501,-79.44600799999999
38.92946169999999,-79.85405659999999
38.9113728,-79.8452236
39.1067735,-79.603392
39.1634383,-79.6986754
38.9064749,-79.8618833
38.79564039999999,-79.7194657
38.990005,-80.2196586
39.09016529999999,-80.0865347
39.3614847,-79.7314511
39.1559302,-80.0487248
39.0687098,-80.1034142
38.96756199999999,-79.842687
39.1323861,-80.01616090000002
39.1483084,-79.4990763
39.1076563,-79.4951078
39.04245299999999,-79.39903
39.0241812,-79.46521779999999
38.8174647,-78.7656946
39.0491501,-79.44600799999999
39.3513381,-79.1354264
39.1067735,-79.603392
39.3959303,-79.0686418
39.0737554,-78.9663853
39.4243149,-78.9950643
39.1483084,-79.4990763
38.8958211,-78.92370389999999
39.4321075,-79.0875719
39.0190452,-79.4217603
38.99311269999999,-79.4666472
39.4189843,-78.9533592
39.1634383,-79.6986754
39.0901508,-79.66300249999999
39.0814121,-79.66296059999999
39.0575837,-79.4313025
39.003732,-78.34000499999999
38.85316809999999,-78.5247325
39.165287,-78.163077
39.1581756,-78.1594952
39.1616896,-78.15403049999999
38.9605927,-78.1947746
38.868494,-78.52837699999999
38.8174647,-78.7656946
39.0001064,-78.3453626
38.9879485,-78.36220349999999
38.76245079999999,-78.631085
39.1918832,-78.2003404
38.916872,-78.186031
38.9875847,-78.181784
38.8698139,-78.52674999999999
38.67703729999999,-78.4221779
39.0790317,-78.2156748
38.6524596,-78.676071
38.66596029999999,-78.46675599999999
39.2093805,-78.1806162
39.1581756,-78.1594952
39.1616896,-78.15403049999999
39.165287,-78.163077
39.003732,-78.34000499999999
38.7138077,-78.15954789999999
38.85316809999999,-78.5247325
38.9605927,-78.1947746
39.388848,-77.9235606
38.916872,-78.186031
39.1918832,-78.2003404
38.868494,-78.52837699999999
38.9875847,-78.181784
39.2093805,-78.1806162
39.1610854,-78.157342
39.1859028,-78.1395509
39.3040469,-77.8425462
39.0001064,-78.3453626
38.9879485,-78.36220349999999
39.1658248,-78.16678399999999
39.1592725,-78.14958589999999
39.1070432,-77.5434748
38.9973118,-77.4822217
39.079843,-77.4770226
39.014075,-77.462013
39.008042,-77.43583799999999
39.0367227,-77.42707879999999
39.0182657,-77.4269092
38.9591737,-77.4480717
38.9804969,-77.4336479
38.988059,-77.429869
38.9861376,-77.429287
38.9845128,-77.4280785
38.97779550000001,-77.4264364
38.979917,-77.422724
38.955762,-77.427842
38.960724,-77.423151
38.95282210000001,-77.425416
38.9583619,-77.421773
38.957564,-77.420389
39.02996659999999,-77.3976143
38.896708,-77.022485
38.8955621,-77.02496099999999
39.0217573,-77.18632269999999
39.02224289999999,-77.13815860000001
39.061273,-77.122174
39.04709800000001,-77.115517
39.08937869999999,-77.1765078
39.0166345,-77.1035868
39.1039796,-77.1896057
39.1074122,-77.1866369
39.11318,-77.192106
39.1157041,-77.19552259999999
39.1168938,-77.1982372
39.11904,-77.181518
38.991701,-77.09627499999999
38.9913596,-77.095981
39.120945,-77.177035
38.987438,-77.095321
38.984081,-77.09459799999999
38.9831305,-77.092817
38.896708,-77.022485
38.8955621,-77.02496099999999
38.9858517,-76.556769
39.11979400000001,-76.78015599999999
38.975132,-76.55429
38.982547,-76.547066
38.981181,-76.547759
38.9773523,-76.5488634
38.97404,-76.550944
39.1557663,-76.7164806
38.9725163,-76.54927010000002
39.1559079,-76.717214
39.160162,-76.711798
39.1578188,-76.72470679999999
39.1522196,-76.7437506
39.1591605,-76.7206018
39.06300899999999,-76.837373
38.97661550000001,-76.5043245
38.9772916,-76.5003543
38.9780312,-76.4977221
38.9758407,-76.4857755
38.9780312,-76.4977221
38.9772916,-76.5003543
38.97661550000001,-76.5043245
38.7746479,-76.0743293
38.982547,-76.547066
38.981181,-76.547759
38.9773523,-76.5488634
38.9725163,-76.54927010000002
38.97404,-76.550944
38.9858517,-76.556769
38.975132,-76.55429
39.2801231,-76.54692659999999
39.1977896,-76.6144118
39.3382971,-76.49059299999999
39.182333,-75.89243809999999
39.3133622,-76.5408128
38.8460757,-76.0809285
39.3719,-76.459492
39.37251699999999,-76.458456
39.178635,-75.526024
39.188805,-75.53310499999999
39.194005,-75.55142409999999
39.182333,-75.89243809999999
38.89594649999999,-75.5085342
39.098611,-75.703508
39.3878894,-75.66298499999999
38.7746479,-76.0743293
38.8460757,-76.0809285
39.1789168,-75.5242222
38.922491,-75.56621
39.1698272,-75.5188933
38.938248,-75.425015
39.176958,-75.523299
39.1970861,-75.5546408
39.1978787,-75.5558556
38.9125833,-75.57429259999999
39.14916600000001,-75.501009
39.1710019,-75.5207927
38.983025,-76.1598444
